"informantID","sex","age","home","kanto","AQ_sum","AQ_SS","AQ_AS","AQ_LD","AQ_Com","AQ_Ima","SQ","EQ","D_score","Type","IRI_sum","IRI_PD_sum","IRI_EC_sum","IRI_PT_sum","IRI_FS_sum","IRI_mean","IRI_PD_mean","IRI_EC_mean","IRI_PT_mean","IRI_FS_mean","TAS_DIF","TAS_DDF","TAS_EOT","TAS_sum","age_by_10","all_u","ex_無助詞_token","ex_よ_token","ex_ね_token","ex_よね_token","ex_の_token","ex_か_token","ex_な_token","ex_じゃん_token","ex_かな_token","ex_け_token","ex_もん_token","ex_もんね_token","ex_わ_token","ex_よな_token","ex_かね_token","ex_や_token","ex_わね_token","ex_かしら_token","ex_やん_token","ex_もんな_token","ex_わよ_token","ex_ん_token","ex_けな_token","ex_ぞ_token","ex_さ_token","ex_ぜ_token","ex_で_token","ex_わよね_token","ex_かよ_token","ex_べ_token","ex_かい_token","ex_かしらね_token","ex_けね_token","ex_い_token","ex_かさ_token","ex_やんな_token","ex_わな_token","ex_やんか_token","ex_じゃんか_token","ex_もの_token","ex_じゃんね_token","ex_ものね_token","ex_が_token","ex_がね_token","ex_けか_token","ex_けかな_token","ex_じゃんよ_token","ex_なよね_token","ex_べや_token","ex_やね_token","ex_やんね_token","ex_allSFP_token","ex_無助詞_percent","ex_よ_percent","ex_ね_percent","ex_よね_percent","ex_の_percent","ex_か_percent","ex_な_percent","ex_じゃん_percent","ex_かな_percent","ex_け_percent","ex_もん_percent","ex_もんね_percent","ex_わ_percent","ex_よな_percent","ex_かね_percent","ex_や_percent","ex_わね_percent","ex_かしら_percent","ex_やん_percent","ex_もんな_percent","ex_わよ_percent","ex_ん_percent","ex_けな_percent","ex_ぞ_percent","ex_さ_percent","ex_ぜ_percent","ex_で_percent","ex_わよね_percent","ex_かよ_percent","ex_べ_percent","ex_かい_percent","ex_かしらね_percent","ex_けね_percent","ex_い_percent","ex_かさ_percent","ex_やんな_percent","ex_わな_percent","ex_やんか_percent","ex_じゃんか_percent","ex_もの_percent","ex_じゃんね_percent","ex_ものね_percent","ex_が_percent","ex_がね_percent","ex_けか_percent","ex_けかな_percent","ex_じゃんよ_percent","ex_なよね_percent","ex_べや_percent","ex_やね_percent","ex_やんね_percent","ex_allSFP_percent","inc_ね系_token","inc_無助詞_token","inc_よ系_token","inc_の_token","inc_な系_token","inc_わ_token","inc_で_token","inc_もん_token","inc_か系_token","inc_じゃん_token","inc_け_token","inc_や系_token","inc_さ系_token","inc_かしら_token","inc_が_token","inc_もの_token","inc_ぞ_token","inc_い系_token","inc_べ_token","inc_ぜ_token","inc_やん_token","inc_ん_token","inc_ね系_percent","inc_無助詞_percent","inc_よ系_percent","inc_の_percent","inc_な系_percent","inc_わ_percent","inc_で_percent","inc_もん_percent","inc_か系_percent","inc_じゃん_percent","inc_け_percent","inc_や系_percent","inc_さ系_percent","inc_かしら_percent","inc_が_percent","inc_もの_percent","inc_ぞ_percent","inc_い系_percent","inc_べ_percent","inc_ぜ_percent","inc_やん_percent","inc_ん_percent"
"K004","f","40_44y","Niigata",0,4,0,0,2,1,1,6,20,-1.256119549,"E_type",91,18,26,24,23,13,2.571428571,3.714285714,3.428571429,3.285714286,10,15,23,48,40,1174,514,155,154,77,43,72,21,5,23,14,3,12,22,3,4,7,15,4,0,0,11,0,0,0,0,0,1,8,0,0,0,3,0,0,1,0,0,0,0,1,0,0,1,0,0,0,0,0,0,0,0,660,43.781942078364565,13.202725724020445,13.1175468483816,6.5587734241908,3.6626916524701874,6.132879045996593,1.788756388415673,0.42589437819420783,1.959114139693356,1.192504258943782,0.2555366269165247,1.0221465076660987,1.8739352640545144,0.2555366269165247,0.34071550255536626,0.596252129471891,1.2776831345826234,0.34071550255536626,0,0,0.9369676320272572,0,0,0,0,0,0.08517887563884156,0.6814310051107325,0,0,0,0.2555366269165247,0,0,0.08517887563884156,0,0,0,0,0.08517887563884156,0,0,0.08517887563884156,0,0,0,0,0,0,0,0,56.218057921635435,273,514,166,43,47,22,1,3,72,5,14,7,1,4,1,1,0,0,0,0,0,0,23.253833049403745,43.781942078364565,14.1396933560477,3.6626916524701874,4.003407155025554,1.8739352640545144,0.08517887563884156,0.2555366269165247,6.132879045996593,0.42589437819420783,1.192504258943782,0.596252129471891,0.08517887563884156,0.34071550255536626,0.08517887563884156,0.08517887563884156,0,0,0,0,0,0
"K007","m","25_29y","Saitama",1,31,9,7,4,6,5,29,14,2.303145422,"extreme_S_type",105,24,29,25,27,15,3.428571429,4.142857143,3.571428571,3.857142857,28,18,29,75,20,1039,505,96,101,59,31,74,48,25,39,17,3,4,7,12,8,4,0,0,0,0,0,0,1,3,1,0,0,0,0,0,0,0,0,0,0,0,0,0,0,0,0,0,0,0,0,0,0,0,1,0,0,534,48.604427333974975,9.239653512993264,9.720885466794996,5.678537054860443,2.9836381135707413,7.122232916265641,4.619826756496631,2.4061597690086622,3.753609239653513,1.6361886429258905,0.28873917228103946,0.384985563041386,0.6737247353224254,1.1549566891241578,0.769971126082772,0.384985563041386,0,0,0,0,0,0,0.0962463907603465,0.28873917228103946,0.0962463907603465,0,0,0,0,0,0,0,0,0,0,0,0,0,0,0,0,0,0,0,0,0,0,0,0.0962463907603465,0,0,51.395572666025025,172,505,96,31,100,7,0,3,74,25,17,5,1,0,0,0,3,0,0,0,0,0,16.554379210779597,48.604427333974975,9.239653512993264,2.9836381135707413,9.624639076034647,0.6737247353224254,0,0.28873917228103946,7.122232916265641,2.4061597690086622,1.6361886429258905,0.4812319538017324,0.0962463907603465,0,0,0,0.28873917228103946,0,0,0,0,0
"K007_003","f","25_29y","Kanagawa",1,21,5,1,4,6,5,29,24,1.015812775,"S_type",103,27,33,19,24,14.71428571,3.857142857,4.714285714,2.714285714,3.428571429,26,22,28,76,20,371,197,58,37,18,10,10,14,8,9,1,2,2,1,1,1,0,0,0,0,1,0,0,0,0,0,0,0,0,0,0,0,0,0,0,0,0,0,0,0,0,0,0,0,0,0,0,1,0,0,0,0,174,53.09973045822103,15.633423180592992,9.973045822102426,4.8517520215633425,2.6954177897574128,2.6954177897574128,3.7735849056603774,2.15633423180593,2.4258760107816713,0.2695417789757413,0.5390835579514826,0.5390835579514826,0.2695417789757413,0.2695417789757413,0.2695417789757413,0,0,0,0,0.2695417789757413,0,0,0,0,0,0,0,0,0,0,0,0,0,0,0,0,0,0,0,0,0,0,0,0,0,0,0.2695417789757413,0,0,0,0,46.900269541778975,58,197,59,10,25,1,0,2,10,8,1,0,0,0,0,0,0,0,0,0,0,0,15.633423180592992,53.09973045822103,15.902964959568733,2.6954177897574128,6.738544474393531,0.2695417789757413,0,0.5390835579514826,2.6954177897574128,2.15633423180593,0.2695417789757413,0,0,0,0,0,0,0,0,0,0,0
"K011","f","50_54y","Chiba",1,9,1,2,4,1,1,16,37,-2.232904447,"extreme_E_type",69,10,20,26,13,9.857142857,1.428571429,2.857142857,3.714285714,1.857142857,8,18,24,50,50,884,423,70,61,74,70,47,16,32,32,20,7,9,7,1,2,6,0,0,0,0,0,0,2,0,1,0,0,0,0,2,1,0,1,0,0,0,0,0,0,0,0,0,0,0,0,0,0,0,0,0,0,461,47.85067873303168,7.918552036199094,6.900452488687783,8.3710407239819,7.918552036199094,5.316742081447964,1.809954751131222,3.619909502262444,3.619909502262444,2.262443438914027,0.7918552036199095,1.0180995475113122,0.7918552036199095,0.11312217194570136,0.22624434389140272,0.6787330316742082,0,0,0,0,0,0,0.22624434389140272,0,0.11312217194570136,0,0,0,0,0.22624434389140272,0.11312217194570136,0,0.11312217194570136,0,0,0,0,0,0,0,0,0,0,0,0,0,0,0,0,0,0,52.14932126696833,147,423,70,70,51,7,0,7,47,32,20,6,1,0,0,0,0,1,2,0,0,0,16.628959276018097,47.85067873303168,7.918552036199094,7.918552036199094,5.769230769230769,0.7918552036199095,0,0.7918552036199095,5.316742081447964,3.619909502262444,2.262443438914027,0.6787330316742082,0.11312217194570136,0,0,0,0,0.11312217194570136,0.22624434389140272,0,0,0
"K011_001","m","55_59y","Miyazaki",0,13,2,2,3,3,3,24,20,0.924905533,"S_type",94,20,21,28,25,13.42857143,2.857142857,3,4,3.571428571,12,16,22,50,50,178,61,25,13,19,14,3,9,5,5,5,0,1,5,6,1,1,0,0,0,0,0,0,2,0,0,0,2,0,0,0,0,0,0,0,1,0,0,0,0,0,0,0,0,0,0,0,0,0,0,0,0,117,34.26966292134831,14.04494382022472,7.303370786516854,10.674157303370784,7.865168539325842,1.6853932584269662,5.056179775280898,2.8089887640449436,2.8089887640449436,2.8089887640449436,0,0.5617977528089888,2.8089887640449436,3.3707865168539324,0.5617977528089888,0.5617977528089888,0,0,0,0,0,0,1.1235955056179776,0,0,0,1.1235955056179776,0,0,0,0,0,0,0,0.5617977528089888,0,0,0,0,0,0,0,0,0,0,0,0,0,0,0,0,65.73033707865169,34,61,25,14,22,5,2,0,3,5,5,1,1,0,0,0,0,0,0,0,0,0,19.101123595505616,34.26966292134831,14.04494382022472,7.865168539325842,12.359550561797752,2.8089887640449436,1.1235955056179776,0,1.6853932584269662,2.8089887640449436,2.8089887640449436,0.5617977528089888,0.5617977528089888,0,0,0,0,0,0,0,0,0
"K011_009","m","15_19y","Kanagawa",1,13,1,4,4,1,3,19,23,-0.067134561,"B_type",86,14,25,24,23,12.28571429,2,3.571428571,3.428571429,3.285714286,13,12,26,51,10,431,185,92,6,5,35,4,8,30,3,5,12,1,21,6,0,2,0,0,0,0,0,0,2,1,0,6,0,0,0,7,0,0,0,0,0,0,0,0,0,0,0,0,0,0,0,0,0,0,0,0,0,246,42.92343387470998,21.34570765661253,1.3921113689095126,1.160092807424594,8.120649651972158,0.9280742459396752,1.8561484918793505,6.960556844547564,0.6960556844547563,1.160092807424594,2.784222737819025,0.2320185614849188,4.872389791183294,1.3921113689095126,0,0.4640371229698376,0,0,0,0,0,0,0.4640371229698376,0.2320185614849188,0,1.3921113689095126,0,0,0,1.6241299303944314,0,0,0,0,0,0,0,0,0,0,0,0,0,0,0,0,0,0,0,0,0,57.076566125290014,12,185,92,35,19,21,0,12,4,30,5,2,0,0,0,0,1,0,7,6,0,0,2.784222737819025,42.92343387470998,21.34570765661253,8.120649651972158,4.408352668213457,4.872389791183294,0,2.784222737819025,0.9280742459396752,6.960556844547564,1.160092807424594,0.4640371229698376,0,0,0,0,0.2320185614849188,0,1.6241299303944314,1.3921113689095126,0,0
"K011_036","f","20_24y","Kanagawa",1,16,4,1,3,5,3,10,17,-0.385247514,"B_type",81,22,17,21,21,11.57142857,3.142857143,2.428571429,3,3,23,13,21,57,20,72,40,9,3,2,5,0,1,2,1,0,3,2,3,0,0,1,0,0,0,0,0,0,0,0,0,0,0,0,0,0,0,0,0,0,0,0,0,0,0,0,0,0,0,0,0,0,0,0,0,0,0,32,55.55555555555556,12.5,4.166666666666666,2.7777777777777777,6.944444444444445,0,1.3888888888888888,2.7777777777777777,1.3888888888888888,0,4.166666666666666,2.7777777777777777,4.166666666666666,0,0,1.3888888888888888,0,0,0,0,0,0,0,0,0,0,0,0,0,0,0,0,0,0,0,0,0,0,0,0,0,0,0,0,0,0,0,0,0,0,0,44.44444444444444,7,40,9,5,2,3,0,3,0,2,0,1,0,0,0,0,0,0,0,0,0,0,9.722222222222223,55.55555555555556,12.5,6.944444444444445,2.7777777777777777,4.166666666666666,0,4.166666666666666,0,2.7777777777777777,0,1.3888888888888888,0,0,0,0,0,0,0,0,0,0
"K012_001.T016_005.W001_001.W011_001","f","45_49y","Tokyo",1,16,1,3,9,0,3,13,24,-0.922876187,"E_type",94,23,27,22,22,13.42857143,3.285714286,3.857142857,3.142857143,3.142857143,12,16,20,48,40,46,25,1,8,3,0,8,0,0,1,0,0,0,0,0,0,0,0,0,0,0,0,0,0,0,0,0,0,0,0,0,0,0,0,0,0,0,0,0,0,0,0,0,0,0,0,0,0,0,0,0,0,21,54.34782608695651,2.1739130434782608,17.391304347826086,6.521739130434782,0,17.391304347826086,0,0,2.1739130434782608,0,0,0,0,0,0,0,0,0,0,0,0,0,0,0,0,0,0,0,0,0,0,0,0,0,0,0,0,0,0,0,0,0,0,0,0,0,0,0,0,0,0,45.65217391304348,11,25,1,0,1,0,0,0,8,0,0,0,0,0,0,0,0,0,0,0,0,0,23.91304347826087,54.34782608695651,2.1739130434782608,0,2.1739130434782608,0,0,0,17.391304347826086,0,0,0,0,0,0,0,0,0,0,0,0,0
"S002","m","35_39y","Saitama",1,6,2,2,0,0,2,19,14,1.091464821,"S_type",92,17,25,26,24,13.14285714,2.428571429,3.571428571,3.714285714,3.428571429,12,14,25,51,30,1351,608,243,74,125,42,35,33,43,19,14,52,7,14,9,1,7,0,0,2,2,0,1,1,6,1,6,0,0,1,0,3,0,0,1,0,0,0,0,0,0,0,0,0,0,1,0,0,0,0,0,0,743,45.003700962250186,17.986676535899335,5.477424130273871,9.25240562546262,3.1088082901554404,2.5906735751295336,2.4426350851221317,3.182827535159141,1.4063656550703183,1.0362694300518136,3.84900074019245,0.5181347150259068,1.0362694300518136,0.6661732050333087,0.07401924500370095,0.5181347150259068,0,0,0.1480384900074019,0.1480384900074019,0,0.07401924500370095,0.07401924500370095,0.44411547002220575,0.07401924500370095,0.44411547002220575,0,0,0.07401924500370095,0,0.22205773501110287,0,0,0.07401924500370095,0,0,0,0,0,0,0,0,0,0,0.07401924500370095,0,0,0,0,0,0,54.99629903774982,207,608,244,42,64,14,0,52,36,43,14,7,1,0,0,0,6,4,0,6,2,1,15.3219837157661,45.003700962250186,18.060695780903036,3.1088082901554404,4.737231680236861,1.0362694300518136,0,3.84900074019245,2.6646928201332347,3.182827535159141,1.0362694300518136,0.5181347150259068,0.07401924500370095,0,0,0,0.44411547002220575,0.2960769800148038,0,0.44411547002220575,0.1480384900074019,0.07401924500370095
"S002_001","m","30_34y","Tokyo",1,20,4,6,3,4,3,36,7,4.052454695,"extreme_S_type",103,27,22,22,32,14.71428571,3.857142857,3.142857143,3.142857143,4.571428571,14,13,26,53,30,295,134,26,51,14,3,27,13,3,5,3,3,1,3,0,4,2,0,0,1,0,0,0,1,0,0,0,0,0,0,0,0,0,1,0,0,0,0,0,0,0,0,0,0,0,0,0,0,0,0,0,0,161,45.42372881355932,8.813559322033898,17.28813559322034,4.745762711864407,1.0169491525423728,9.152542372881356,4.406779661016949,1.0169491525423728,1.694915254237288,1.0169491525423728,1.0169491525423728,0.3389830508474576,1.0169491525423728,0,1.3559322033898304,0.6779661016949152,0,0,0.3389830508474576,0,0,0,0.3389830508474576,0,0,0,0,0,0,0,0,0,0.3389830508474576,0,0,0,0,0,0,0,0,0,0,0,0,0,0,0,0,0,0,54.57627118644067,71,134,26,3,19,3,0,3,27,3,3,2,0,0,0,0,0,0,0,0,1,0,24.06779661016949,45.42372881355932,8.813559322033898,1.0169491525423728,6.440677966101695,1.0169491525423728,0,1.0169491525423728,9.152542372881356,1.0169491525423728,1.0169491525423728,0.6779661016949152,0,0,0,0,0,0,0,0,0.3389830508474576,0
"S002_002","f","25_29y","Hyogo",0,15,1,5,5,2,2,10,35,-2.702446278,"extreme_E_type",103,26,28,29,20,14.71428571,3.714285714,4,4.142857143,2.857142857,16,16,23,55,20,172,101,23,2,5,2,16,3,2,6,4,3,2,1,0,0,1,0,0,0,0,0,0,1,0,0,0,0,0,0,0,0,0,0,0,0,0,0,0,0,0,0,0,0,0,0,0,0,0,0,0,0,71,58.720930232558146,13.372093023255813,1.162790697674419,2.9069767441860463,1.162790697674419,9.30232558139535,1.744186046511628,1.162790697674419,3.488372093023256,2.3255813953488373,1.744186046511628,1.162790697674419,0.5813953488372093,0,0,0.5813953488372093,0,0,0,0,0,0,0.5813953488372093,0,0,0,0,0,0,0,0,0,0,0,0,0,0,0,0,0,0,0,0,0,0,0,0,0,0,0,0,41.27906976744186,9,101,23,2,10,1,0,3,16,2,4,1,0,0,0,0,0,0,0,0,0,0,5.232558139534884,58.720930232558146,13.372093023255813,1.162790697674419,5.813953488372093,0.5813953488372093,0,1.744186046511628,9.30232558139535,1.162790697674419,2.3255813953488373,0.5813953488372093,0,0,0,0,0,0,0,0,0,0
"S002_005","m","45_49y","Saitama",1,27,7,5,5,5,5,23,18,1.061204002,"S_type",72,19,24,14,15,10.28571429,2.714285714,3.428571429,2,2.142857143,20,15,28,63,40,94,56,7,8,6,1,6,6,1,1,0,1,0,0,0,0,1,0,0,0,0,0,0,0,0,0,0,0,0,0,0,0,0,0,0,0,0,0,0,0,0,0,0,0,0,0,0,0,0,0,0,0,38,59.57446808510638,7.446808510638298,8.51063829787234,6.382978723404255,1.0638297872340423,6.382978723404255,6.382978723404255,1.0638297872340423,1.0638297872340423,0,1.0638297872340423,0,0,0,0,1.0638297872340423,0,0,0,0,0,0,0,0,0,0,0,0,0,0,0,0,0,0,0,0,0,0,0,0,0,0,0,0,0,0,0,0,0,0,0,40.42553191489361,14,56,7,1,7,0,0,1,6,1,0,1,0,0,0,0,0,0,0,0,0,0,14.893617021276595,59.57446808510638,7.446808510638298,1.0638297872340423,7.446808510638298,0,0,1.0638297872340423,6.382978723404255,1.0638297872340423,0,1.0638297872340423,0,0,0,0,0,0,0,0,0,0
"S002_014","f","25_29y","Saitama",1,16,2,3,9,1,1,10,19,-0.642714044,"E_type",91,20,24,20,27,13,2.857142857,3.428571429,2.857142857,3.857142857,17,13,25,55,20,49,27,2,4,3,3,0,3,1,1,0,2,0,1,0,0,2,0,0,0,0,0,0,0,0,0,0,0,0,0,0,0,0,0,0,0,0,0,0,0,0,0,0,0,0,0,0,0,0,0,0,0,22,55.10204081632652,4.081632653061225,8.16326530612245,6.122448979591836,6.122448979591836,0,6.122448979591836,2.0408163265306123,2.0408163265306123,0,4.081632653061225,0,2.0408163265306123,0,0,4.081632653061225,0,0,0,0,0,0,0,0,0,0,0,0,0,0,0,0,0,0,0,0,0,0,0,0,0,0,0,0,0,0,0,0,0,0,0,44.89795918367347,7,27,2,3,4,1,0,2,0,1,0,2,0,0,0,0,0,0,0,0,0,0,14.285714285714285,55.10204081632652,4.081632653061225,6.122448979591836,8.16326530612245,2.0408163265306123,0,4.081632653061225,0,2.0408163265306123,0,4.081632653061225,0,0,0,0,0,0,0,0,0,0
"S002_016","f","30_34y","Okayama",0,27,7,8,6,4,2,24,29,-0.233693849,"B_type",124,34,34,27,29,17.71428571,4.857142857,4.857142857,3.857142857,4.142857143,16,15,29,60,30,43,24,8,1,0,1,0,0,1,3,4,0,0,1,0,0,0,0,0,0,0,0,0,0,0,0,0,0,0,0,0,0,0,0,0,0,0,0,0,0,0,0,0,0,0,0,0,0,0,0,0,0,19,55.81395348837209,18.6046511627907,2.3255813953488373,0,2.3255813953488373,0,0,2.3255813953488373,6.976744186046512,9.30232558139535,0,0,2.3255813953488373,0,0,0,0,0,0,0,0,0,0,0,0,0,0,0,0,0,0,0,0,0,0,0,0,0,0,0,0,0,0,0,0,0,0,0,0,0,0,44.18604651162791,1,24,8,1,3,1,0,0,0,1,4,0,0,0,0,0,0,0,0,0,0,0,2.3255813953488373,55.81395348837209,18.6046511627907,2.3255813953488373,6.976744186046512,2.3255813953488373,0,0,0,2.3255813953488373,9.30232558139535,0,0,0,0,0,0,0,0,0,0,0
"S002_017","m","35_39y","Osaka",0,16,1,3,8,0,4,35,23,1.8715544,"S_type",82,16,20,25,21,11.71428571,2.285714286,2.857142857,3.571428571,3,9,11,26,46,30,20,9,3,0,1,0,2,0,1,0,2,0,0,0,0,0,0,0,0,0,0,0,0,0,0,0,0,1,0,0,0,0,0,0,0,0,0,1,0,0,0,0,0,0,0,0,0,0,0,0,0,0,11,45,15,0,5,0,10,0,5,0,10,0,0,0,0,0,0,0,0,0,0,0,0,0,0,0,0,5,0,0,0,0,0,0,0,0,0,5,0,0,0,0,0,0,0,0,0,0,0,0,0,0,55.00000000000001,1,9,3,0,1,0,1,0,2,1,2,0,0,0,0,0,0,0,0,0,0,0,5,45,15,0,5,0,5,0,10,5,10,0,0,0,0,0,0,0,0,0,0,0
"S002_019","m","35_39y","Shimane",0,20,3,4,10,2,1,28,23,1.02337798,"S_type",71,22,17,16,16,10.14285714,3.142857143,2.428571429,2.285714286,2.285714286,22,13,19,54,30,56,17,17,0,0,6,2,7,2,1,0,2,0,1,1,0,0,0,0,0,0,0,0,0,0,0,0,0,0,0,0,0,0,0,0,0,0,0,0,0,0,0,0,0,0,0,0,0,0,0,0,0,39,30.357142857142858,30.357142857142858,0,0,10.714285714285714,3.571428571428571,12.5,3.571428571428571,1.7857142857142856,0,3.571428571428571,0,1.7857142857142856,1.7857142857142856,0,0,0,0,0,0,0,0,0,0,0,0,0,0,0,0,0,0,0,0,0,0,0,0,0,0,0,0,0,0,0,0,0,0,0,0,0,69.64285714285714,0,17,17,6,9,1,0,2,2,2,0,0,0,0,0,0,0,0,0,0,0,0,0,30.357142857142858,30.357142857142858,10.714285714285714,16.071428571428573,1.7857142857142856,0,3.571428571428571,3.571428571428571,3.571428571428571,0,0,0,0,0,0,0,0,0,0,0,0
"T001","m","35_39y","Kagoshima",0,10,1,3,5,0,1,25,42,-1.78605823,"E_type",110,11,34,33,32,15.71428571,1.571428571,4.857142857,4.714285714,4.571428571,7,9,24,40,30,913,289,111,137,103,28,82,45,24,23,14,3,11,15,2,13,5,0,0,2,1,0,3,0,0,1,0,0,0,0,0,0,0,0,0,0,0,0,0,0,0,0,0,0,0,0,0,0,0,0,1,0,624,31.653888280394305,12.157721796276014,15.005476451259584,11.281489594742606,3.0668127053669223,8.981380065717415,4.928806133625411,2.628696604600219,2.5191675794085433,1.5334063526834611,0.32858707557502737,1.2048192771084338,1.642935377875137,0.2190580503833516,1.4238773274917853,0.547645125958379,0,0,0.2190580503833516,0.1095290251916758,0,0.32858707557502737,0,0,0.1095290251916758,0,0,0,0,0,0,0,0,0,0,0,0,0,0,0,0,0,0,0,0,0,0,0,0,0.1095290251916758,0,68.3461117196057,265,289,111,28,71,15,0,3,82,24,14,5,1,0,0,0,0,0,0,0,2,3,29.025191675794087,31.653888280394305,12.157721796276014,3.0668127053669223,7.776560788608982,1.642935377875137,0,0.32858707557502737,8.981380065717415,2.628696604600219,1.5334063526834611,0.547645125958379,0.1095290251916758,0,0,0,0,0,0,0,0.2190580503833516,0.32858707557502737
"T001_001","f","30_34y","Tokyo",1,20,7,2,7,2,2,18,20,0.197897173,"B_type",81,18,22,22,19,11.57142857,2.571428571,3.142857143,3.142857143,2.714285714,13,14,23,50,30,565,311,78,33,20,35,27,3,8,17,21,1,1,3,1,1,3,0,1,0,0,1,0,0,0,0,0,0,0,0,0,0,0,0,0,0,0,0,0,0,0,0,0,0,0,0,0,0,0,0,0,0,254,55.04424778761062,13.805309734513274,5.84070796460177,3.5398230088495577,6.1946902654867255,4.778761061946903,0.5309734513274336,1.415929203539823,3.0088495575221237,3.7168141592920354,0.17699115044247787,0.17699115044247787,0.5309734513274336,0.17699115044247787,0.17699115044247787,0.5309734513274336,0,0.17699115044247787,0,0,0.17699115044247787,0,0,0,0,0,0,0,0,0,0,0,0,0,0,0,0,0,0,0,0,0,0,0,0,0,0,0,0,0,0,44.955752212389385,55,311,79,35,21,3,0,1,27,8,21,3,0,1,0,0,0,0,0,0,0,0,9.734513274336283,55.04424778761062,13.982300884955754,6.1946902654867255,3.7168141592920354,0.5309734513274336,0,0.17699115044247787,4.778761061946903,1.415929203539823,3.7168141592920354,0.5309734513274336,0,0.17699115044247787,0,0,0,0,0,0,0,0
"T001_002","f","55_59y","Tokyo",1,10,3,2,4,0,1,6,26,-2.028519137,"extreme_E_type",76,18,24,16,18,10.85714286,2.571428571,3.428571429,2.285714286,2.571428571,11,14,27,52,50,194,102,4,11,10,31,1,0,0,4,8,1,1,0,0,0,0,9,1,0,0,1,0,0,0,0,0,0,5,0,0,0,3,0,0,0,0,0,0,0,0,0,2,0,0,0,0,0,0,0,0,0,92,52.57731958762887,2.061855670103093,5.670103092783505,5.154639175257731,15.979381443298967,0.5154639175257731,0,0,2.061855670103093,4.123711340206185,0.5154639175257731,0.5154639175257731,0,0,0,0,4.639175257731959,0.5154639175257731,0,0,0.5154639175257731,0,0,0,0,0,0,2.5773195876288657,0,0,0,1.5463917525773196,0,0,0,0,0,0,0,0,0,1.0309278350515465,0,0,0,0,0,0,0,0,0,47.42268041237113,41,102,5,31,4,0,0,1,1,0,8,0,0,1,0,0,0,0,0,0,0,0,21.1340206185567,52.57731958762887,2.5773195876288657,15.979381443298967,2.061855670103093,0,0,0.5154639175257731,0.5154639175257731,0,4.123711340206185,0,0,0.5154639175257731,0,0,0,0,0,0,0,0
"T003","f","35_39y","Tokyo",1,15,4,2,4,3,2,31,24,1.258148895,"S_type",96,16,25,25,30,13.71428571,2.285714286,3.571428571,3.571428571,4.285714286,9,14,23,46,30,880,342,147,113,96,63,19,10,28,17,19,6,6,1,4,6,0,0,0,0,0,1,0,0,0,2,0,0,0,0,0,0,0,0,0,0,0,0,0,0,0,0,0,0,0,0,0,0,0,0,0,0,538,38.86363636363636,16.704545454545457,12.840909090909092,10.909090909090908,7.159090909090909,2.159090909090909,1.1363636363636365,3.1818181818181817,1.9318181818181817,2.159090909090909,0.6818181818181818,0.6818181818181818,0.11363636363636365,0.4545454545454546,0.6818181818181818,0,0,0,0,0,0.11363636363636365,0,0,0,0.2272727272727273,0,0,0,0,0,0,0,0,0,0,0,0,0,0,0,0,0,0,0,0,0,0,0,0,0,0,61.13636363636363,221,342,148,63,31,1,0,6,19,28,19,0,2,0,0,0,0,0,0,0,0,0,25.113636363636367,38.86363636363636,16.818181818181817,7.159090909090909,3.5227272727272725,0.11363636363636365,0,0.6818181818181818,2.159090909090909,3.1818181818181817,2.159090909090909,0,0.2272727272727273,0,0,0,0,0,0,0,0,0
"T003_003","m","40_44y","Shizuoka",0,25,7,4,5,3,6,46,2,5.90780162,"extreme_S_type",72,14,16,24,18,10.28571429,2,2.285714286,3.428571429,2.571428571,17,17,28,62,40,572,167,193,44,38,25,21,25,27,6,7,5,2,0,3,1,4,0,0,0,0,0,0,0,0,1,0,0,0,2,0,0,0,0,0,0,0,1,0,0,0,0,0,0,0,0,0,0,0,0,0,0,405,29.195804195804197,33.74125874125874,7.6923076923076925,6.643356643356643,4.370629370629371,3.6713286713286712,4.370629370629371,4.72027972027972,1.048951048951049,1.2237762237762235,0.8741258741258742,0.34965034965034963,0,0.5244755244755245,0.17482517482517482,0.6993006993006993,0,0,0,0,0,0,0,0,0.17482517482517482,0,0,0,0.34965034965034963,0,0,0,0,0,0,0,0.17482517482517482,0,0,0,0,0,0,0,0,0,0,0,0,0,0,70.8041958041958,85,167,195,25,35,0,0,5,21,27,7,4,1,0,0,0,0,0,0,0,0,0,14.86013986013986,29.195804195804197,34.090909090909086,4.370629370629371,6.118881118881119,0,0,0.8741258741258742,3.6713286713286712,4.72027972027972,1.2237762237762235,0.6993006993006993,0.17482517482517482,0,0,0,0,0,0,0,0,0
"T004","f","60_64y","Kanagawa",1,7,1,1,4,0,1,10,34,-2.573713014,"extreme_E_type",100,19,30,26,25,14.28571429,2.714285714,4.285714286,3.714285714,3.571428571,14,16,27,57,60,1039,480,123,62,127,47,78,20,22,12,30,12,7,0,1,5,2,0,2,0,0,0,0,0,2,1,1,0,0,0,0,1,0,0,2,0,0,0,0,0,0,1,0,0,0,0,1,0,0,0,0,0,559,46.19826756496631,11.838306063522618,5.9672762271414825,12.223291626564004,4.523580365736285,7.507218479307026,1.9249278152069296,2.1174205967276225,1.1549566891241578,2.8873917228103942,1.1549566891241578,0.6737247353224254,0,0.0962463907603465,0.4812319538017324,0.192492781520693,0,0.192492781520693,0,0,0,0,0,0.192492781520693,0.0962463907603465,0.0962463907603465,0,0,0,0,0.0962463907603465,0,0,0.192492781520693,0,0,0,0,0,0,0.0962463907603465,0,0,0,0,0.0962463907603465,0,0,0,0,0,53.80173243503369,202,480,123,47,34,0,0,12,78,22,30,2,1,2,0,0,2,3,0,1,0,0,19.441770933589993,46.19826756496631,11.838306063522618,4.523580365736285,3.272377285851781,0,0,1.1549566891241578,7.507218479307026,2.1174205967276225,2.8873917228103942,0.192492781520693,0.0962463907603465,0.192492781520693,0,0,0.192492781520693,0.28873917228103946,0,0.0962463907603465,0,0
"T004_001","m","60_64y","Tokyo",1,26,4,3,8,5,6,42,10,4.393263262,"extreme_S_type",74,15,24,19,16,10.57142857,2.142857143,3.428571429,2.714285714,2.285714286,15,16,25,56,60,180,69,30,12,7,10,6,10,1,8,12,6,4,1,1,0,2,0,0,0,1,0,0,0,0,0,0,0,0,0,0,0,0,0,0,0,0,0,0,0,0,0,0,0,0,0,0,0,0,0,0,0,111,38.333333333333336,16.666666666666664,6.666666666666667,3.888888888888889,5.555555555555555,3.3333333333333335,5.555555555555555,0.5555555555555556,4.444444444444445,6.666666666666667,3.3333333333333335,2.2222222222222223,0.5555555555555556,0.5555555555555556,0,1.1111111111111112,0,0,0,0.5555555555555556,0,0,0,0,0,0,0,0,0,0,0,0,0,0,0,0,0,0,0,0,0,0,0,0,0,0,0,0,0,0,0,61.66666666666667,23,69,30,10,20,1,0,6,6,1,12,2,0,0,0,0,0,0,0,0,0,0,12.777777777777777,38.333333333333336,16.666666666666664,5.555555555555555,11.11111111111111,0.5555555555555556,0,3.3333333333333335,3.3333333333333335,0.5555555555555556,6.666666666666667,1.1111111111111112,0,0,0,0,0,0,0,0,0,0
"T004_002","m","20_24y","Tokyo",1,29,7,6,2,6,8,4,7,0.175076772,"B_type",90,29,24,19,18,12.85714286,4.142857143,3.428571429,2.714285714,2.571428571,17,13,24,54,20,115,42,10,10,2,8,15,2,7,7,4,2,0,0,0,0,6,0,0,0,0,0,0,0,0,0,0,0,0,0,0,0,0,0,0,0,0,0,0,0,0,0,0,0,0,0,0,0,0,0,0,0,73,36.52173913043478,8.695652173913043,8.695652173913043,1.7391304347826086,6.956521739130435,13.043478260869565,1.7391304347826086,6.086956521739131,6.086956521739131,3.4782608695652173,1.7391304347826086,0,0,0,0,5.217391304347826,0,0,0,0,0,0,0,0,0,0,0,0,0,0,0,0,0,0,0,0,0,0,0,0,0,0,0,0,0,0,0,0,0,0,0,63.47826086956522,12,42,10,8,9,0,0,2,15,7,4,6,0,0,0,0,0,0,0,0,0,0,10.434782608695652,36.52173913043478,8.695652173913043,6.956521739130435,7.82608695652174,0,0,1.7391304347826086,13.043478260869565,6.086956521739131,3.4782608695652173,5.217391304347826,0,0,0,0,0,0,0,0,0,0
"T005","m","35_39y","Tokyo",1,20,8,3,3,2,4,25,14,1.818473181,"S_type",52,12,13,16,11,7.428571429,1.714285714,1.857142857,2.285714286,1.571428571,9,15,26,50,30,691,263,118,72,49,20,86,12,18,13,11,2,6,3,0,12,3,0,0,0,0,0,0,0,1,0,0,0,0,1,0,0,0,1,0,0,0,0,0,0,0,0,0,0,0,0,0,0,0,0,0,0,428,38.06078147612156,17.0767004341534,10.419681620839365,7.091172214182344,2.894356005788712,12.44573082489146,1.7366136034732274,2.6049204052098407,1.881331403762663,1.5918958031837915,0.2894356005788712,0.8683068017366137,0.4341534008683069,0,1.7366136034732274,0.4341534008683069,0,0,0,0,0,0,0,0.1447178002894356,0,0,0,0,0.1447178002894356,0,0,0,0.1447178002894356,0,0,0,0,0,0,0,0,0,0,0,0,0,0,0,0,0,0,61.93921852387844,140,263,119,20,25,3,0,2,86,18,11,3,0,0,0,0,1,0,0,0,0,0,20.260492040520983,38.06078147612156,17.221418234442837,2.894356005788712,3.61794500723589,0.4341534008683069,0,0.2894356005788712,12.44573082489146,2.6049204052098407,1.5918958031837915,0.4341534008683069,0,0,0,0,0.1447178002894356,0,0,0,0,0
"T005_008","f","40_44y","Shizuoka",0,25,2,9,4,5,5,4,17,-1.112255875,"E_type",94,24,24,22,24,13.42857143,3.428571429,3.428571429,3.142857143,3.428571429,20,14,22,56,40,422,187,94,28,24,30,17,5,22,4,3,1,2,2,0,2,0,0,0,0,0,0,1,0,0,0,0,0,0,0,0,0,0,0,0,0,0,0,0,0,0,0,0,0,0,0,0,0,0,0,0,0,235,44.312796208530806,22.274881516587676,6.6350710900473935,5.687203791469194,7.109004739336493,4.028436018957346,1.1848341232227488,5.213270142180095,0.9478672985781992,0.7109004739336493,0.23696682464454977,0.47393364928909953,0.47393364928909953,0,0.47393364928909953,0,0,0,0,0,0,0.23696682464454977,0,0,0,0,0,0,0,0,0,0,0,0,0,0,0,0,0,0,0,0,0,0,0,0,0,0,0,0,0,55.687203791469194,56,187,94,30,9,2,0,1,17,22,3,0,0,0,0,0,0,0,0,0,0,1,13.270142180094789,44.312796208530806,22.274881516587676,7.109004739336493,2.132701421800948,0.47393364928909953,0,0.23696682464454977,4.028436018957346,5.213270142180095,0.7109004739336493,0,0,0,0,0,0,0,0,0,0,0.23696682464454977
"T005_031","m","60_64y","Gifu",0,24,8,3,3,5,5,15,12,0.86425911,"S_type",75,17,18,23,17,10.71428571,2.428571429,2.571428571,3.285714286,2.428571429,20,18,22,60,60,9,3,0,0,0,0,3,1,0,0,0,0,0,1,0,0,0,0,0,0,0,0,0,0,0,0,0,0,0,0,0,1,0,0,0,0,0,0,0,0,0,0,0,0,0,0,0,0,0,0,0,0,6,33.33333333333333,0,0,0,0,33.33333333333333,11.11111111111111,0,0,0,0,0,11.11111111111111,0,0,0,0,0,0,0,0,0,0,0,0,0,0,0,0,0,11.11111111111111,0,0,0,0,0,0,0,0,0,0,0,0,0,0,0,0,0,0,0,0,66.66666666666666,0,3,0,0,1,1,0,0,3,0,0,0,0,0,0,0,0,1,0,0,0,0,0,33.33333333333333,0,0,11.11111111111111,11.11111111111111,0,0,33.33333333333333,0,0,0,0,0,0,0,0,11.11111111111111,0,0,0,0
"T005_032","f","65_69y","Gifu",0,12,3,1,5,3,0,7,16,-0.62001843,"E_type",105,26,24,24,31,15,3.714285714,3.428571429,3.428571429,4.428571429,11,14,24,49,60,182,94,22,13,8,11,5,2,0,13,1,2,1,2,0,2,0,0,4,0,0,2,0,0,0,0,0,0,0,0,0,0,0,0,0,0,0,0,0,0,0,0,0,0,0,0,0,0,0,0,0,0,88,51.64835164835166,12.087912087912088,7.142857142857142,4.395604395604396,6.043956043956044,2.7472527472527473,1.098901098901099,0,7.142857142857142,0.5494505494505495,1.098901098901099,0.5494505494505495,1.098901098901099,0,1.098901098901099,0,0,2.197802197802198,0,0,1.098901098901099,0,0,0,0,0,0,0,0,0,0,0,0,0,0,0,0,0,0,0,0,0,0,0,0,0,0,0,0,0,0,48.35164835164835,24,94,24,11,15,2,0,2,5,0,1,0,0,4,0,0,0,0,0,0,0,0,13.186813186813188,51.64835164835166,13.186813186813188,6.043956043956044,8.241758241758241,1.098901098901099,0,1.098901098901099,2.7472527472527473,0,0.5494505494505495,0,0,2.197802197802198,0,0,0,0,0,0,0,0
"T005_033","f","40_44y","Tokyo",1,24,4,6,8,3,3,8,11,0.144815954,"B_type",84,23,24,19,18,12,3.285714286,3.428571429,2.714285714,2.571428571,15,15,27,57,40,117,81,9,8,5,4,6,3,1,0,0,0,0,0,0,0,0,0,0,0,0,0,0,0,0,0,0,0,0,0,0,0,0,0,0,0,0,0,0,0,0,0,0,0,0,0,0,0,0,0,0,0,36,69.23076923076923,7.6923076923076925,6.837606837606838,4.273504273504273,3.418803418803419,5.128205128205128,2.564102564102564,0.8547008547008548,0,0,0,0,0,0,0,0,0,0,0,0,0,0,0,0,0,0,0,0,0,0,0,0,0,0,0,0,0,0,0,0,0,0,0,0,0,0,0,0,0,0,0,30.76923076923077,13,81,9,4,3,0,0,0,6,1,0,0,0,0,0,0,0,0,0,0,0,0,11.11111111111111,69.23076923076923,7.6923076923076925,3.418803418803419,2.564102564102564,0,0,0,5.128205128205128,0.8547008547008548,0,0,0,0,0,0,0,0,0,0,0,0
"T005_034","m","35_39y","Tokyo",1,14,5,1,3,0,5,39,12,3.772292552,"extreme_S_type",77,14,21,21,21,11,2,3,3,3,11,16,24,51,30,57,22,6,7,7,3,2,2,0,0,2,0,0,2,0,1,0,0,0,0,1,0,0,0,0,1,0,1,0,0,0,0,0,0,0,0,0,0,0,0,0,0,0,0,0,0,0,0,0,0,0,0,35,38.59649122807017,10.526315789473683,12.280701754385964,12.280701754385964,5.263157894736842,3.508771929824561,3.508771929824561,0,0,3.508771929824561,0,0,3.508771929824561,0,1.7543859649122806,0,0,0,0,1.7543859649122806,0,0,0,0,1.7543859649122806,0,1.7543859649122806,0,0,0,0,0,0,0,0,0,0,0,0,0,0,0,0,0,0,0,0,0,0,0,0,61.40350877192983,15,22,6,3,3,2,1,0,2,0,2,0,1,0,0,0,0,0,0,0,0,0,26.31578947368421,38.59649122807017,10.526315789473683,5.263157894736842,5.263157894736842,3.508771929824561,1.7543859649122806,0,3.508771929824561,0,3.508771929824561,0,1.7543859649122806,0,0,0,0,0,0,0,0,0
"T007","m","70_74y","Tokyo",1,17,2,3,6,4,2,22,24,0.167636354,"B_type",84,19,23,19,23,12,2.714285714,3.285714286,2.714285714,3.285714286,20,17,27,64,70,1255,525,180,186,82,89,46,41,34,17,8,12,9,0,5,8,6,0,0,0,3,0,0,0,1,1,1,0,0,0,0,0,0,0,0,0,0,0,0,1,0,0,0,0,0,0,0,0,0,0,0,0,730,41.832669322709165,14.342629482071716,14.820717131474105,6.53386454183267,7.091633466135458,3.6653386454183265,3.266932270916335,2.7091633466135456,1.3545816733067728,0.6374501992031872,0.9561752988047808,0.7171314741035857,0,0.398406374501992,0.6374501992031872,0.4780876494023904,0,0,0,0.2390438247011952,0,0,0,0.0796812749003984,0.0796812749003984,0.0796812749003984,0,0,0,0,0,0,0,0,0,0,0,0,0.0796812749003984,0,0,0,0,0,0,0,0,0,0,0,0,58.16733067729084,285,525,180,89,66,0,0,12,47,34,8,6,1,0,0,0,1,0,0,1,0,0,22.709163346613543,41.832669322709165,14.342629482071716,7.091633466135458,5.2589641434262955,0,0,0.9561752988047808,3.745019920318725,2.7091633466135456,0.6374501992031872,0.4780876494023904,0.0796812749003984,0,0,0,0.0796812749003984,0,0,0.0796812749003984,0,0
"T008","f","30_34y","Tokyo",1,27,7,6,10,1,3,32,21,1.765516749,"S_type",110,28,28,24,30,15.71428571,4,4,3.428571429,4.285714286,18,16,18,52,30,1298,528,180,108,128,68,103,39,43,36,20,10,4,4,1,6,3,3,3,0,1,2,0,3,1,1,1,0,0,0,0,0,0,1,0,1,0,0,0,0,0,0,0,0,0,0,0,0,0,0,0,0,770,40.67796610169492,13.86748844375963,8.320493066255779,9.861325115562405,5.238828967642527,7.935285053929121,3.00462249614792,3.3127889060092452,2.773497688751926,1.5408320493066257,0.7704160246533128,0.30816640986132515,0.30816640986132515,0.07704160246533129,0.4622496147919878,0.23112480739599384,0.23112480739599384,0.23112480739599384,0,0.07704160246533129,0.15408320493066258,0,0.23112480739599384,0.07704160246533129,0.07704160246533129,0.07704160246533129,0,0,0,0,0,0,0.07704160246533129,0,0.07704160246533129,0,0,0,0,0,0,0,0,0,0,0,0,0,0,0,0,59.32203389830508,250,528,182,68,80,4,0,10,103,43,20,3,2,3,0,0,1,0,0,1,0,0,19.26040061633282,40.67796610169492,14.021571648690292,5.238828967642527,6.163328197226503,0.30816640986132515,0,0.7704160246533128,7.935285053929121,3.3127889060092452,1.5408320493066257,0.23112480739599384,0.15408320493066258,0.23112480739599384,0,0,0.07704160246533129,0,0,0.07704160246533129,0,0
"T008_001","m","35_39y","Aichi",0,26,8,7,2,3,6,27,4,3.348141948,"extreme_S_type",109,31,27,24,27,15.57142857,4.428571429,3.857142857,3.428571429,3.857142857,26,21,23,70,30,147,55,18,30,5,5,8,5,2,7,5,0,0,0,0,3,1,0,2,0,0,0,0,0,1,0,0,0,0,0,0,0,0,0,0,0,0,0,0,0,0,0,0,0,0,0,0,0,0,0,0,0,92,37.41496598639456,12.244897959183673,20.40816326530612,3.4013605442176873,3.4013605442176873,5.442176870748299,3.4013605442176873,1.3605442176870748,4.761904761904762,3.4013605442176873,0,0,0,0,2.0408163265306123,0.6802721088435374,0,1.3605442176870748,0,0,0,0,0,0.6802721088435374,0,0,0,0,0,0,0,0,0,0,0,0,0,0,0,0,0,0,0,0,0,0,0,0,0,0,0,62.58503401360544,38,55,18,5,12,0,0,0,8,2,5,1,0,2,0,0,1,0,0,0,0,0,25.850340136054424,37.41496598639456,12.244897959183673,3.4013605442176873,8.16326530612245,0,0,0,5.442176870748299,1.3605442176870748,3.4013605442176873,0.6802721088435374,0,1.3605442176870748,0,0,0.6802721088435374,0,0,0,0,0
"T008_003","m","50_54y","Tokyo",1,13,5,3,3,1,1,16,21,-0.173172212,"B_type",97,18,26,22,31,13.85714286,2.571428571,3.714285714,3.142857143,4.428571429,31,17,28,76,50,156,71,36,12,4,7,2,3,6,1,3,4,0,3,0,0,0,0,2,0,0,1,0,0,0,1,0,0,0,0,0,0,0,0,0,0,0,0,0,0,0,0,0,0,0,0,0,0,0,0,0,0,85,45.51282051282051,23.076923076923077,7.6923076923076925,2.564102564102564,4.487179487179487,1.282051282051282,1.9230769230769231,3.8461538461538463,0.641025641025641,1.9230769230769231,2.564102564102564,0,1.9230769230769231,0,0,0,0,1.282051282051282,0,0,0.641025641025641,0,0,0,0.641025641025641,0,0,0,0,0,0,0,0,0,0,0,0,0,0,0,0,0,0,0,0,0,0,0,0,0,0,54.48717948717948,16,71,37,7,4,3,0,4,2,6,3,0,1,2,0,0,0,0,0,0,0,0,10.256410256410255,45.51282051282051,23.717948717948715,4.487179487179487,2.564102564102564,1.9230769230769231,0,2.564102564102564,1.282051282051282,3.8461538461538463,1.9230769230769231,0,0.641025641025641,1.282051282051282,0,0,0,0,0,0,0,0
"T008_009","m","45_49y","Shizuoka",0,24,5,7,6,5,1,45,16,3.984367854,"extreme_S_type",90,17,31,21,21,12.85714286,2.428571429,4.428571429,3,3,18,19,31,68,40,86,36,10,13,5,13,1,0,8,0,0,0,0,0,0,0,0,0,0,0,0,0,0,0,0,0,0,0,0,0,0,0,0,0,0,0,0,0,0,0,0,0,0,0,0,0,0,0,0,0,0,0,50,41.86046511627907,11.627906976744184,15.11627906976744,5.813953488372093,15.11627906976744,1.162790697674419,0,9.30232558139535,0,0,0,0,0,0,0,0,0,0,0,0,0,0,0,0,0,0,0,0,0,0,0,0,0,0,0,0,0,0,0,0,0,0,0,0,0,0,0,0,0,0,0,58.139534883720934,18,36,10,13,0,0,0,0,1,8,0,0,0,0,0,0,0,0,0,0,0,0,20.930232558139537,41.86046511627907,11.627906976744184,15.11627906976744,0,0,0,0,1.162790697674419,9.30232558139535,0,0,0,0,0,0,0,0,0,0,0,0
"T009","f","20_24y","Tokyo",1,6,0,1,3,0,2,14,24,-0.801708126,"E_type",103,18,28,25,32,14.71428571,2.571428571,4,3.571428571,4.571428571,17,20,26,63,20,1326,748,108,104,76,65,53,37,44,25,26,8,2,8,9,4,4,0,0,2,0,0,0,2,0,0,0,0,0,0,0,1,0,0,0,0,0,0,0,0,0,0,0,0,0,0,0,0,0,0,0,0,578,56.41025641025641,8.144796380090497,7.84313725490196,5.731523378582202,4.901960784313726,3.996983408748114,2.790346907993967,3.3182503770739067,1.885369532428356,1.96078431372549,0.603318250377074,0.1508295625942685,0.603318250377074,0.6787330316742082,0.301659125188537,0.301659125188537,0,0,0.1508295625942685,0,0,0,0.1508295625942685,0,0,0,0,0,0,0,0.07541478129713425,0,0,0,0,0,0,0,0,0,0,0,0,0,0,0,0,0,0,0,0,43.58974358974359,186,748,108,65,73,8,0,8,53,44,26,4,0,0,0,0,0,1,0,0,2,0,14.027149321266968,56.41025641025641,8.144796380090497,4.901960784313726,5.505279034690799,0.603318250377074,0,0.603318250377074,3.996983408748114,3.3182503770739067,1.96078431372549,0.301659125188537,0,0,0,0,0,0.07541478129713425,0,0,0.1508295625942685,0
"T009_002","f","50_54y","Tokyo",1,7,0,2,4,0,1,15,27,-1.06673986,"E_type",102,23,27,22,30,14.57142857,3.285714286,3.857142857,3.142857143,4.285714286,18,12,28,58,50,406,172,71,37,35,31,7,9,14,8,5,4,5,5,1,1,0,0,1,0,0,0,0,0,0,0,0,0,0,0,0,0,0,0,0,0,0,0,0,0,0,0,0,0,0,0,0,0,0,0,0,0,234,42.364532019704434,17.48768472906404,9.113300492610838,8.620689655172415,7.635467980295567,1.7241379310344829,2.2167487684729066,3.4482758620689653,1.9704433497536944,1.2315270935960592,0.9852216748768472,1.2315270935960592,1.2315270935960592,0.24630541871921183,0.24630541871921183,0,0,0.24630541871921183,0,0,0,0,0,0,0,0,0,0,0,0,0,0,0,0,0,0,0,0,0,0,0,0,0,0,0,0,0,0,0,0,0,57.635467980295566,78,172,71,31,18,5,0,4,7,14,5,0,0,1,0,0,0,0,0,0,0,0,19.21182266009852,42.364532019704434,17.48768472906404,7.635467980295567,4.433497536945813,1.2315270935960592,0,0.9852216748768472,1.7241379310344829,3.4482758620689653,1.2315270935960592,0,0,0.24630541871921183,0,0,0,0,0,0,0,0
"T009_017","m","50_54y","Hokkaido",0,20,5,4,2,3,6,18,15,0.841563496,"S_type",86,18,25,23,20,12.28571429,2.571428571,3.571428571,3.285714286,2.857142857,12,18,26,56,50,85,33,12,8,8,2,4,4,2,2,4,0,0,1,1,0,1,0,0,0,1,0,0,0,1,1,0,0,0,0,0,0,0,0,0,0,0,0,0,0,0,0,0,0,0,0,0,0,0,0,0,0,52,38.82352941176471,14.117647058823527,9.411764705882351,9.411764705882351,2.3529411764705883,4.705882352941177,4.705882352941177,2.3529411764705883,2.3529411764705883,4.705882352941177,0,0,1.1764705882352942,1.1764705882352942,0,1.1764705882352942,0,0,0,1.1764705882352942,0,0,0,1.1764705882352942,1.1764705882352942,0,0,0,0,0,0,0,0,0,0,0,0,0,0,0,0,0,0,0,0,0,0,0,0,0,0,61.1764705882353,16,33,12,2,8,1,0,0,4,2,4,1,1,0,0,0,1,0,0,0,0,0,18.823529411764707,38.82352941176471,14.117647058823527,2.3529411764705883,9.411764705882351,1.1764705882352942,0,0,4.705882352941177,2.3529411764705883,4.705882352941177,1.1764705882352942,1.1764705882352942,0,0,0,1.1764705882352942,0,0,0,0,0
"T010_008","m","40_44y","Kanagawa",1,18,2,3,8,2,3,27,31,-0.127656198,"B_type",96,14,32,27,23,13.71428571,2,4.571428571,3.857142857,3.285714286,8,14,25,47,40,81,28,15,4,3,4,7,6,1,3,1,0,0,0,1,0,2,0,0,0,3,0,0,0,0,0,0,0,0,0,0,0,0,0,1,0,0,2,0,0,0,0,0,0,0,0,0,0,0,0,0,0,53,34.5679012345679,18.51851851851852,4.938271604938271,3.7037037037037033,4.938271604938271,8.641975308641975,7.4074074074074066,1.2345679012345678,3.7037037037037033,1.2345679012345678,0,0,0,1.2345679012345678,0,2.4691358024691357,0,0,0,3.7037037037037033,0,0,0,0,0,0,0,0,0,0,0,0,0,1.2345679012345678,0,0,2.4691358024691357,0,0,0,0,0,0,0,0,0,0,0,0,0,0,65.4320987654321,7,28,15,4,15,0,0,0,7,1,1,2,0,0,0,0,0,1,0,0,0,0,8.641975308641975,34.5679012345679,18.51851851851852,4.938271604938271,18.51851851851852,0,0,0,8.641975308641975,1.2345679012345678,1.2345679012345678,2.4691358024691357,0,0,0,0,0,1.2345679012345678,0,0,0,0
"T011","f","40_44y","Tokyo",1,12,2,4,3,0,3,19,23,-0.067134561,"B_type",113,26,29,26,32,16.14285714,3.714285714,4.142857143,3.714285714,4.571428571,12,16,29,57,40,1258,675,171,93,80,92,19,15,24,23,10,22,13,12,1,3,2,0,0,0,0,0,0,0,1,0,0,0,0,0,0,0,0,1,0,0,0,0,0,0,1,0,0,0,0,0,0,0,0,0,0,0,583,53.65659777424483,13.59300476947536,7.392686804451511,6.359300476947535,7.313195548489667,1.5103338632750398,1.192368839427663,1.9077901430842603,1.8282988871224168,0.7949125596184419,1.7488076311605725,1.0333863275039743,0.9538950715421304,0.0794912559618442,0.23847376788553257,0.1589825119236884,0,0,0,0,0,0,0,0.0794912559618442,0,0,0,0,0,0,0,0,0.0794912559618442,0,0,0,0,0,0,0.0794912559618442,0,0,0,0,0,0,0,0,0,0,0,46.34340222575516,190,675,171,92,39,12,0,22,19,24,10,2,0,0,0,1,1,0,0,0,0,0,15.1033386327504,53.65659777424483,13.59300476947536,7.313195548489667,3.100158982511924,0.9538950715421304,0,1.7488076311605725,1.5103338632750398,1.9077901430842603,0.7949125596184419,0.1589825119236884,0,0,0,0.0794912559618442,0.0794912559618442,0,0,0,0,0
"T011_001","m","45_49y","Tokyo",1,35,8,8,10,5,4,28,12,2.439443891,"extreme_S_type",104,28,28,18,30,14.85714286,4,4,2.571428571,4.285714286,17,18,26,61,40,605,273,80,63,12,52,25,20,25,16,15,0,0,3,9,0,4,1,0,0,2,0,0,1,2,0,0,1,0,0,0,0,0,0,0,0,0,0,0,1,0,0,0,0,0,0,0,0,0,0,0,0,332,45.123966942148755,13.223140495867767,10.413223140495868,1.9834710743801651,8.59504132231405,4.132231404958678,3.3057851239669422,4.132231404958678,2.644628099173554,2.479338842975207,0,0,0.49586776859504134,1.487603305785124,0,0.6611570247933884,0.1652892561983471,0,0,0.3305785123966942,0,0,0.1652892561983471,0.3305785123966942,0,0,0.1652892561983471,0,0,0,0,0,0,0,0,0,0,0,0.1652892561983471,0,0,0,0,0,0,0,0,0,0,0,0,54.87603305785124,76,273,80,52,48,3,1,0,26,25,15,4,0,0,0,0,2,0,0,0,0,0,12.56198347107438,45.123966942148755,13.223140495867767,8.59504132231405,7.933884297520661,0.49586776859504134,0.1652892561983471,0,4.297520661157025,4.132231404958678,2.479338842975207,0.6611570247933884,0,0,0,0,0.3305785123966942,0,0,0,0,0
"T015","m","50_54y","Tokyo",1,17,1,5,5,2,4,5,23,-1.763487403,"E_type",99,20,27,22,30,14.14285714,2.857142857,3.857142857,3.142857143,4.285714286,13,12,27,52,50,935,367,136,59,90,77,63,29,14,18,26,4,5,1,34,4,1,0,0,0,0,0,0,0,0,0,0,0,0,4,1,0,0,0,0,1,0,0,0,1,0,0,0,0,0,0,0,0,0,0,0,0,568,39.25133689839572,14.545454545454543,6.310160427807486,9.62566844919786,8.235294117647058,6.737967914438503,3.1016042780748663,1.497326203208556,1.9251336898395723,2.7807486631016043,0.427807486631016,0.53475935828877,0.106951871657754,3.636363636363636,0.427807486631016,0.106951871657754,0,0,0,0,0,0,0,0,0,0,0,0,0.427807486631016,0.106951871657754,0,0,0,0,0.106951871657754,0,0,0,0.106951871657754,0,0,0,0,0,0,0,0,0,0,0,0,60.748663101604286,158,367,140,77,81,1,0,4,64,14,26,1,1,0,0,0,0,0,1,0,0,0,16.898395721925134,39.25133689839572,14.97326203208556,8.235294117647058,8.663101604278074,0.106951871657754,0,0.427807486631016,6.8449197860962565,1.497326203208556,2.7807486631016043,0.106951871657754,0.106951871657754,0,0,0,0,0,0.106951871657754,0,0,0
"T015_041","f","50_54y","Akita",0,20,6,5,3,4,2,2,18,-1.48332526,"E_type",104,19,32,30,23,14.85714286,2.714285714,4.571428571,4.285714286,3.285714286,11,19,30,60,50,54,14,11,11,10,4,1,0,1,0,0,1,1,0,0,0,0,0,0,0,0,0,0,0,0,0,0,0,0,0,0,0,0,0,0,0,0,0,0,0,0,0,0,0,0,0,0,0,0,0,0,0,40,25.925925925925924,20.37037037037037,20.37037037037037,18.51851851851852,7.4074074074074066,1.8518518518518516,0,1.8518518518518516,0,0,1.8518518518518516,1.8518518518518516,0,0,0,0,0,0,0,0,0,0,0,0,0,0,0,0,0,0,0,0,0,0,0,0,0,0,0,0,0,0,0,0,0,0,0,0,0,0,0,74.07407407407408,22,14,11,4,0,0,0,1,1,1,0,0,0,0,0,0,0,0,0,0,0,0,40.74074074074074,25.925925925925924,20.37037037037037,7.4074074074074066,0,0,0,1.8518518518518516,1.8518518518518516,1.8518518518518516,0,0,0,0,0,0,0,0,0,0,0,0
"T015_042","f","15_19y","Tokyo",1,25,5,3,9,4,4,12,21,-0.657844453,"E_type",101,25,26,25,25,14.42857143,3.571428571,3.714285714,3.571428571,3.571428571,20,16,27,63,10,66,43,12,0,1,2,1,3,1,1,0,2,0,0,0,0,0,0,0,0,0,0,0,0,0,0,0,0,0,0,0,0,0,0,0,0,0,0,0,0,0,0,0,0,0,0,0,0,0,0,0,0,23,65.15151515151516,18.181818181818183,0,1.5151515151515151,3.0303030303030303,1.5151515151515151,4.545454545454546,1.5151515151515151,1.5151515151515151,0,3.0303030303030303,0,0,0,0,0,0,0,0,0,0,0,0,0,0,0,0,0,0,0,0,0,0,0,0,0,0,0,0,0,0,0,0,0,0,0,0,0,0,0,0,34.84848484848485,1,43,12,2,4,0,0,2,1,1,0,0,0,0,0,0,0,0,0,0,0,0,1.5151515151515151,65.15151515151516,18.181818181818183,3.0303030303030303,6.0606060606060606,0,0,3.0303030303030303,1.5151515151515151,1.5151515151515151,0,0,0,0,0,0,0,0,0,0,0,0
"T017","f","60_64y","Tokyo",1,22,8,4,5,1,4,6,23,-1.642319343,"E_type",90,25,28,17,20,12.85714286,3.571428571,4,2.428571429,2.857142857,18,16,24,58,60,964,429,122,92,71,95,33,10,27,20,14,9,11,7,1,4,7,1,2,0,0,4,0,3,0,0,0,0,0,0,1,0,0,0,0,0,0,0,0,0,0,1,0,0,0,0,0,0,0,0,0,0,535,44.502074688796675,12.655601659751037,9.54356846473029,7.365145228215768,9.854771784232366,3.423236514522822,1.0373443983402488,2.8008298755186725,2.0746887966804977,1.4522821576763485,0.933609958506224,1.1410788381742738,0.7261410788381742,0.1037344398340249,0.4149377593360996,0.7261410788381742,0.1037344398340249,0.2074688796680498,0,0,0.4149377593360996,0,0.3112033195020747,0,0,0,0,0,0,0.1037344398340249,0,0,0,0,0,0,0,0,0,0,0.1037344398340249,0,0,0,0,0,0,0,0,0,0,55.497925311203325,180,429,126,95,34,7,0,9,33,27,14,7,0,2,0,0,0,0,1,0,0,0,18.67219917012448,44.502074688796675,13.070539419087138,9.854771784232366,3.5269709543568464,0.7261410788381742,0,0.933609958506224,3.423236514522822,2.8008298755186725,1.4522821576763485,0.7261410788381742,0,0.2074688796680498,0,0,0,0,0.1037344398340249,0,0,0
"T018","m","50_54y","Tokyo",1,23,3,8,4,3,5,27,32,-0.256389463,"B_type",101,20,27,29,25,14.42857143,2.857142857,3.857142857,4.142857143,3.571428571,19,18,25,62,50,782,250,84,67,39,91,76,45,47,19,13,15,10,1,1,5,9,0,0,0,2,0,0,0,0,7,0,0,0,0,0,0,0,0,0,1,0,0,0,0,0,0,0,0,0,0,0,0,0,0,0,0,532,31.9693094629156,10.741687979539645,8.567774936061381,4.987212276214834,11.63682864450128,9.718670076726342,5.754475703324808,6.010230179028133,2.4296675191815855,1.6624040920716114,1.918158567774936,1.278772378516624,0.1278772378516624,0.1278772378516624,0.639386189258312,1.1508951406649617,0,0,0,0.2557544757033248,0,0,0,0,0.8951406649616368,0,0,0,0,0,0,0,0,0,0.1278772378516624,0,0,0,0,0,0,0,0,0,0,0,0,0,0,0,0,68.03069053708441,121,250,84,91,67,1,0,15,76,47,13,9,8,0,0,0,0,0,0,0,0,0,15.473145780051151,31.9693094629156,10.741687979539645,11.63682864450128,8.567774936061381,0.1278772378516624,0,1.918158567774936,9.718670076726342,6.010230179028133,1.6624040920716114,1.1508951406649617,1.0230179028132993,0,0,0,0,0,0,0,0,0
"T018_001","m","30_34y","Tokyo",1,35,10,7,6,7,5,40,4,4.92332673,"extreme_S_type",98,31,26,17,24,14,4.428571429,3.714285714,2.428571429,3.428571429,14,12,22,48,30,306,66,71,77,30,4,21,10,7,2,3,0,0,2,2,10,0,0,0,0,0,0,0,0,0,0,0,0,0,0,0,0,0,0,0,0,0,1,0,0,0,0,0,0,0,0,0,0,0,0,0,0,240,21.568627450980394,23.202614379084967,25.163398692810457,9.803921568627452,1.30718954248366,6.862745098039216,3.2679738562091507,2.287581699346405,0.6535947712418301,0.9803921568627452,0,0,0.6535947712418301,0.6535947712418301,3.2679738562091507,0,0,0,0,0,0,0,0,0,0,0,0,0,0,0,0,0,0,0,0,0,0.32679738562091504,0,0,0,0,0,0,0,0,0,0,0,0,0,0,78.43137254901961,117,66,71,4,15,2,0,0,21,7,3,0,0,0,0,0,0,0,0,0,0,0,38.23529411764706,21.568627450980394,23.202614379084967,1.30718954248366,4.901960784313726,0.6535947712418301,0,0,6.862745098039216,2.287581699346405,0.9803921568627452,0,0,0,0,0,0,0,0,0,0,0
"T020","m","40_44y","Tokyo",1,6,0,2,2,0,2,5,20,-1.377287609,"E_type",94,10,28,27,29,13.42857143,1.428571429,4,3.857142857,4.142857143,7,15,24,46,40,1595,731,265,124,91,72,71,69,54,31,17,9,8,9,11,7,9,0,3,0,5,0,0,2,2,0,2,0,0,1,0,0,0,0,1,0,0,0,0,0,1,0,0,0,0,0,0,0,0,0,0,0,864,45.8307210031348,16.614420062695924,7.774294670846395,5.705329153605016,4.5141065830721,4.451410658307211,4.326018808777429,3.385579937304075,1.943573667711599,1.0658307210031348,0.5642633228840125,0.5015673981191223,0.5642633228840125,0.6896551724137931,0.438871473354232,0.5642633228840125,0,0.18808777429467088,0,0.3134796238244514,0,0,0.12539184952978058,0.12539184952978058,0,0.12539184952978058,0,0,0.06269592476489029,0,0,0,0,0.06269592476489029,0,0,0,0,0,0.06269592476489029,0,0,0,0,0,0,0,0,0,0,0,54.1692789968652,230,731,266,72,118,9,0,9,71,54,17,9,0,3,0,1,2,1,0,2,0,0,14.420062695924765,45.8307210031348,16.677115987460812,4.5141065830721,7.398119122257054,0.5642633228840125,0,0.5642633228840125,4.451410658307211,3.385579937304075,1.0658307210031348,0.5642633228840125,0,0.18808777429467088,0,0.06269592476489029,0.12539184952978058,0.06269592476489029,0,0.12539184952978058,0,0
"T020_002","f","40_44y","Fukui",0,13,1,1,6,2,3,18,18,0.455363702,"S_type",79,17,24,21,17,11.28571429,2.428571429,3.428571429,3,2.428571429,16,17,27,60,40,44,23,5,3,0,5,1,1,1,0,2,1,2,0,0,0,0,0,0,0,0,0,0,0,0,0,0,0,0,0,0,0,0,0,0,0,0,0,0,0,0,0,0,0,0,0,0,0,0,0,0,0,21,52.27272727272727,11.363636363636363,6.8181818181818175,0,11.363636363636363,2.272727272727273,2.272727272727273,2.272727272727273,0,4.545454545454546,2.272727272727273,4.545454545454546,0,0,0,0,0,0,0,0,0,0,0,0,0,0,0,0,0,0,0,0,0,0,0,0,0,0,0,0,0,0,0,0,0,0,0,0,0,0,0,47.72727272727273,5,23,5,5,1,0,0,1,1,1,2,0,0,0,0,0,0,0,0,0,0,0,11.363636363636363,52.27272727272727,11.363636363636363,11.363636363636363,2.272727272727273,0,0,2.272727272727273,2.272727272727273,2.272727272727273,4.545454545454546,0,0,0,0,0,0,0,0,0,0,0
"T021","f","65_69y","Kagoshima",0,9,1,2,2,0,4,24,26,0.152505945,"B_type",98,19,28,29,22,14,2.714285714,4,4.142857143,3.142857143,9,12,28,49,60,1117,390,217,120,133,67,33,12,7,39,11,8,29,8,1,14,6,10,4,0,1,3,0,0,0,0,0,0,1,1,0,0,0,0,0,0,0,0,0,0,0,0,0,0,1,0,0,0,1,0,0,0,727,34.914950760966875,19.427036705461056,10.743061772605191,11.906893464637422,5.998209489704566,2.954341987466428,1.0743061772605194,0.6266786034019696,3.491495076096687,0.9847806624888094,0.7162041181736795,2.5962399283795885,0.7162041181736795,0.08952551477170993,1.2533572068039391,0.5371530886302597,0.8952551477170994,0.35810205908683973,0,0.08952551477170993,0.26857654431512984,0,0,0,0,0,0,0.08952551477170993,0.08952551477170993,0,0,0,0,0,0,0,0,0,0,0,0,0,0,0.08952551477170993,0,0,0,0.08952551477170993,0,0,0,65.08504923903313,309,390,221,67,53,8,0,8,33,7,11,6,0,4,0,0,0,0,0,0,0,0,27.66338406445837,34.914950760966875,19.785138764547895,5.998209489704566,4.744852282900626,0.7162041181736795,0,0.7162041181736795,2.954341987466428,0.6266786034019696,0.9847806624888094,0.5371530886302597,0,0.35810205908683973,0,0,0,0,0,0,0,0
"T021_002","m","70_74y","Tokyo",1,19,8,1,2,4,4,11,17,-0.264079454,"B_type",76,16,29,20,11,10.85714286,2.285714286,4.142857143,2.857142857,1.571428571,11,13,15,39,70,57,24,15,3,0,3,6,2,0,1,0,0,0,1,1,0,0,0,0,0,0,0,0,0,0,0,0,0,0,1,0,0,0,0,0,0,0,0,0,0,0,0,0,0,0,0,0,0,0,0,0,0,33,42.10526315789473,26.31578947368421,5.263157894736842,0,5.263157894736842,10.526315789473683,3.508771929824561,0,1.7543859649122806,0,0,0,1.7543859649122806,1.7543859649122806,0,0,0,0,0,0,0,0,0,0,0,0,0,0,1.7543859649122806,0,0,0,0,0,0,0,0,0,0,0,0,0,0,0,0,0,0,0,0,0,0,57.89473684210527,3,24,16,3,4,1,0,0,6,0,0,0,0,0,0,0,0,0,0,0,0,0,5.263157894736842,42.10526315789473,28.07017543859649,5.263157894736842,7.017543859649122,1.7543859649122806,0,0,10.526315789473683,0,0,0,0,0,0,0,0,0,0,0,0,0
"T023","m","60_64y","Osaka",0,18,4,1,1,5,7,35,4,4.317486429,"extreme_S_type",65,14,23,16,12,9.285714286,2,3.285714286,2.285714286,1.714285714,11,15,25,51,60,702,217,148,47,110,36,40,29,6,13,15,3,8,3,15,4,2,1,0,1,1,1,0,1,0,0,0,0,0,0,0,0,0,1,0,0,0,0,0,0,0,0,0,0,0,0,0,0,0,0,0,0,485,30.91168091168091,21.082621082621085,6.695156695156696,15.669515669515668,5.128205128205128,5.698005698005698,4.131054131054131,0.8547008547008548,1.8518518518518516,2.1367521367521367,0.4273504273504274,1.1396011396011396,0.4273504273504274,2.1367521367521367,0.5698005698005698,0.2849002849002849,0.14245014245014245,0,0.14245014245014245,0.14245014245014245,0.14245014245014245,0,0.14245014245014245,0,0,0,0,0,0,0,0,0,0.14245014245014245,0,0,0,0,0,0,0,0,0,0,0,0,0,0,0,0,0,0,69.08831908831908,171,217,149,36,59,3,0,3,40,6,15,2,0,0,0,0,0,0,0,0,1,0,24.35897435897436,30.91168091168091,21.225071225071225,5.128205128205128,8.404558404558404,0.4273504273504274,0,0.4273504273504274,5.698005698005698,0.8547008547008548,2.1367521367521367,0.2849002849002849,0,0,0,0,0,0,0,0,0.14245014245014245,0
"T023_001","f","55_59y","Ishikawa",0,12,1,4,5,1,1,5,35,-3.308286579,"extreme_E_type",95,18,25,26,26,13.57142857,2.571428571,3.571428571,3.714285714,3.714285714,10,15,25,50,50,352,178,32,26,42,22,7,2,5,13,11,1,8,0,0,0,0,1,3,0,0,0,1,0,0,0,0,0,0,0,0,0,0,0,0,0,0,0,0,0,0,0,0,0,0,0,0,0,0,0,0,0,174,50.56818181818182,9.090909090909092,7.386363636363637,11.931818181818182,6.25,1.9886363636363635,0.5681818181818182,1.4204545454545454,3.6931818181818183,3.125,0.2840909090909091,2.272727272727273,0,0,0,0,0.2840909090909091,0.8522727272727272,0,0,0,0.2840909090909091,0,0,0,0,0,0,0,0,0,0,0,0,0,0,0,0,0,0,0,0,0,0,0,0,0,0,0,0,0,49.43181818181818,77,178,32,22,15,0,0,1,7,5,11,0,0,3,0,0,0,0,0,0,0,1,21.875,50.56818181818182,9.090909090909092,6.25,4.261363636363636,0,0,0.2840909090909091,1.9886363636363635,1.4204545454545454,3.125,0,0,0.8522727272727272,0,0,0,0,0,0,0,0.2840909090909091
"T023_018","f","25_29y","Tokyo",1,16,3,3,3,1,6,16,15,0.599227376,"S_type",72,23,16,19,14,10.28571429,3.285714286,2.285714286,2.714285714,2,18,16,23,57,20,102,38,6,10,8,16,2,2,7,1,9,0,0,0,1,1,0,1,0,0,0,0,0,0,0,0,0,0,0,0,0,0,0,0,0,0,0,0,0,0,0,0,0,0,0,0,0,0,0,0,0,0,64,37.25490196078432,5.88235294117647,9.803921568627452,7.84313725490196,15.68627450980392,1.96078431372549,1.96078431372549,6.862745098039216,0.9803921568627452,8.823529411764707,0,0,0,0.9803921568627452,0.9803921568627452,0,0.9803921568627452,0,0,0,0,0,0,0,0,0,0,0,0,0,0,0,0,0,0,0,0,0,0,0,0,0,0,0,0,0,0,0,0,0,0,62.74509803921568,20,38,6,16,4,0,0,0,2,7,9,0,0,0,0,0,0,0,0,0,0,0,19.607843137254903,37.25490196078432,5.88235294117647,15.68627450980392,3.92156862745098,0,0,0,1.96078431372549,6.862745098039216,8.823529411764707,0,0,0,0,0,0,0,0,0,0,0
"T024","m","55_59y","Tokyo",1,32,9,6,7,5,5,23,4,2.863469708,"extreme_S_type",85,20,23,20,22,12.14285714,2.857142857,3.285714286,2.857142857,3.142857143,14,14,28,56,50,365,143,52,35,20,27,26,13,10,11,6,1,3,2,3,6,3,0,0,0,2,0,2,0,0,0,0,0,0,0,0,0,0,0,0,0,0,0,0,0,0,0,0,0,0,0,0,0,0,0,0,0,222,39.178082191780824,14.246575342465754,9.58904109589041,5.47945205479452,7.397260273972603,7.123287671232877,3.5616438356164384,2.73972602739726,3.0136986301369864,1.643835616438356,0.273972602739726,0.821917808219178,0.547945205479452,0.821917808219178,1.643835616438356,0.821917808219178,0,0,0,0.547945205479452,0,0.547945205479452,0,0,0,0,0,0,0,0,0,0,0,0,0,0,0,0,0,0,0,0,0,0,0,0,0,0,0,0,0,60.82191780821918,64,143,52,27,29,2,0,1,26,10,6,3,0,0,0,0,0,0,0,0,0,2,17.534246575342465,39.178082191780824,14.246575342465754,7.397260273972603,7.945205479452056,0.547945205479452,0,0.273972602739726,7.123287671232877,2.73972602739726,1.643835616438356,0.821917808219178,0,0,0,0,0,0,0,0,0,0.547945205479452
"T024_002","f","50_54y","Nara",0,9,1,1,2,0,5,11,28,-1.680145365,"E_type",90,12,30,25,23,12.85714286,1.714285714,4.285714286,3.571428571,3.285714286,9,12,24,45,50,632,262,72,47,9,34,21,72,3,27,13,4,3,3,1,2,2,0,2,22,4,0,9,0,0,0,0,10,0,0,0,0,0,0,0,0,5,0,4,0,0,0,0,0,0,0,0,0,0,0,0,1,370,41.45569620253164,11.39240506329114,7.436708860759493,1.4240506329113924,5.379746835443038,3.3227848101265818,11.39240506329114,0.4746835443037975,4.272151898734177,2.0569620253164556,0.6329113924050633,0.4746835443037975,0.4746835443037975,0.15822784810126583,0.31645569620253167,0.31645569620253167,0,0.31645569620253167,3.481012658227848,0.6329113924050633,0,1.4240506329113924,0,0,0,0,1.5822784810126582,0,0,0,0,0,0,0,0,0.7911392405063291,0,0.6329113924050633,0,0,0,0,0,0,0,0,0,0,0,0,0.15822784810126583,58.54430379746836,62,262,72,34,109,3,10,4,25,3,13,2,0,2,0,0,0,0,0,0,22,9,9.81012658227848,41.45569620253164,11.39240506329114,5.379746835443038,17.246835443037973,0.4746835443037975,1.5822784810126582,0.6329113924050633,3.9556962025316458,0.4746835443037975,2.0569620253164556,0.31645569620253167,0,0.31645569620253167,0,0,0,0,0,0,3.481012658227848,1.4240506329113924
"T024_003","f","15_19y","Kanagawa",1,27,7,8,1,8,3,9,8,0.652183808,"S_type",94,28,18,17,31,13.42857143,4,2.571428571,2.428571429,4.428571429,11,15,30,56,10,221,113,30,11,6,8,4,8,9,3,4,5,4,5,0,0,0,0,0,3,1,0,6,0,0,0,0,1,0,0,0,0,0,0,0,0,0,0,0,0,0,0,0,0,0,0,0,0,0,0,0,0,108,51.13122171945701,13.574660633484164,4.97737556561086,2.7149321266968327,3.619909502262444,1.809954751131222,3.619909502262444,4.072398190045249,1.3574660633484164,1.809954751131222,2.262443438914027,1.809954751131222,2.262443438914027,0,0,0,0,0,1.3574660633484164,0.4524886877828055,0,2.7149321266968327,0,0,0,0,0.4524886877828055,0,0,0,0,0,0,0,0,0,0,0,0,0,0,0,0,0,0,0,0,0,0,0,0,48.86877828054298,21,113,30,8,12,5,1,5,4,9,4,0,0,0,0,0,0,0,0,0,3,6,9.502262443438914,51.13122171945701,13.574660633484164,3.619909502262444,5.429864253393665,2.262443438914027,0.4524886877828055,2.262443438914027,1.809954751131222,4.072398190045249,1.809954751131222,0,0,0,0,0,0,0,0,0,1.3574660633484164,2.7149321266968327
"W007_003","f","40_44y","Hiroshima",0,13,5,1,5,2,0,20,14,1.212632881,"S_type",111,24,32,28,27,15.85714286,3.428571429,4.571428571,4,3.857142857,21,14,25,60,40,207,105,17,20,26,8,10,3,6,1,5,0,0,2,0,1,3,0,0,0,0,0,0,0,0,0,0,0,0,0,0,0,0,0,0,0,0,0,0,0,0,0,0,0,0,0,0,0,0,0,0,0,102,50.72463768115942,8.212560386473431,9.66183574879227,12.560386473429952,3.864734299516908,4.830917874396135,1.4492753623188406,2.898550724637681,0.4830917874396135,2.4154589371980677,0,0,0.966183574879227,0,0.4830917874396135,1.4492753623188406,0,0,0,0,0,0,0,0,0,0,0,0,0,0,0,0,0,0,0,0,0,0,0,0,0,0,0,0,0,0,0,0,0,0,0,49.275362318840585,47,105,17,8,4,2,0,0,10,6,5,3,0,0,0,0,0,0,0,0,0,0,22.705314009661837,50.72463768115942,8.212560386473431,3.864734299516908,1.932367149758454,0.966183574879227,0,0,4.830917874396135,2.898550724637681,2.4154589371980677,1.4492753623188406,0,0,0,0,0,0,0,0,0,0
